HEALTH_CHECK_4,1768384706,1768384706,0,SUCCESS
HEALTH_CHECK_6,1768384730,1768384730,0,SUCCESS
HEALTH_CHECK_1,1768384742,1768384742,0,SUCCESS
HEALTH_CHECK_2,1768384760,1768384760,0,SUCCESS
HEALTH_CHECK_5,1768384772,1768384773,1,SUCCESS
HEALTH_CHECK_3,1768384784,1768384785,1,SUCCESS
NODE_SIMULATION_1,1768384798,1768384858,60,SUCCESS
NODE_SIMULATION_2,1768384867,1768384927,60,SUCCESS
INTERIM_HEALTH_CHECK_1,1768384936,1768384936,0,SUCCESS
INTERIM_HEALTH_CHECK_2,1768384948,1768384948,0,SUCCESS
RACK_SIMULATION_1,1768385010,1768385102,92,SUCCESS
RACK_SIMULATION_2,1768385124,1768385215,91,SUCCESS
FINAL_HEALTH_CHECK_1,1768385225,1768385226,1,SUCCESS
FINAL_HEALTH_CHECK_2,1768385243,1768385243,0,SUCCESS
