run_id,run_number,start_epoch,end_epoch,duration_seconds,status,job_name,scheduler
heft-native-20260106-115428-1,1,1767680668,1767681001,333,Succeeded,resilience-heft-1-115428,HEFT
heft-native-20260106-120007-2,2,1767681007,1767681340,333,Succeeded,resilience-heft-2-120007,HEFT
heft-native-20260106-120545-3,3,1767681345,1767681678,333,Succeeded,resilience-heft-3-120545,HEFT
heft-native-20260106-121123-4,4,1767681683,1767682016,333,Succeeded,resilience-heft-4-121123,HEFT
heft-native-20260106-121702-5,5,1767682022,1767682355,333,Succeeded,resilience-heft-5-121702,HEFT
heft-native-20260106-122240-6,6,1767682360,1767682693,333,Succeeded,resilience-heft-6-122240,HEFT
heft-native-20260106-122818-7,7,1767682698,1767683031,333,Succeeded,resilience-heft-7-122818,HEFT
heft-native-20260106-123356-8,8,1767683036,1767683369,333,Succeeded,resilience-heft-8-123356,HEFT
heft-native-20260106-123935-9,9,1767683375,1767683708,333,Succeeded,resilience-heft-9-123935,HEFT
heft-native-20260106-124515-10,10,1767683715,1767684048,333,Succeeded,resilience-heft-10-124515,HEFT
